{"feature_names": ["CustomerID", "Tenure", "CityTier", "WarehouseToHome", "HourSpendOnApp", "NumberOfDeviceRegistered", "SatisfactionScore", "NumberOfAddress", "Complain", "OrderAmountHikeFromlastYear", "CouponUsed", "OrderCount", "DaySinceLastOrder", "CashbackAmount", "PreferredLoginDevice_Mobile Phone", "PreferredLoginDevice_Phone", "PreferredPaymentMode_COD", "PreferredPaymentMode_Cash on Delivery", "PreferredPaymentMode_Credit Card", "PreferredPaymentMode_Debit Card", "PreferredPaymentMode_E wallet", "PreferredPaymentMode_UPI", "Gender_Male", "PreferedOrderCat_Grocery", "PreferedOrderCat_Laptop & Accessory", "PreferedOrderCat_Mobile", "PreferedOrderCat_Mobile Phone", "PreferedOrderCat_Others", "MaritalStatus_Married", "MaritalStatus_Single"], "means": [52817.093028419185, 10.130328596802842, 1.6649644760213145, 15.642317939609237, 2.935612788632327, 3.6962699822380105, 3.0672735346358793, 4.197380106571936, 0.2801953818827709, 15.683836589698046, 1.7184724689165187, 2.924511545293073, 4.4560390763765545, 177.38532193605684, 0.49023090586145646, 0.21936056838365897, 0.06394316163410302, 0.02553285968028419, 0.2655417406749556, 0.40941385435168737, 0.11345470692717584, 0.07393428063943161, 0.5963587921847247, 0.07326820603907638, 0.36345470692717585, 0.14253996447602132, 0.22402309058614564, 0.045515097690941385, 0.5353019538188277, 0.31682948490230906], "stds": [1625.5970865070165, 8.348169850721783, 0.9184597156011235, 8.284017737000738, 0.7057439590107345, 1.030021958208662, 1.3841124753291374, 2.564770593703341, 0.4490945667165648, 3.591353567851317, 1.854799298446904, 2.8153795275183993, 3.55423894898274, 49.09117621416259, 0.49990455569009595, 0.41381337511257055, 0.24465165790228766, 0.15773690993813436, 0.4416212456780926, 0.49172568594347665, 0.317147814754011, 0.26166391189035104, 0.490627132523978, 0.2605762384080556, 0.48099416102449366, 0.349603093526353, 0.41693733998093435, 0.20843098035830815, 0.4987522150893902, 0.4652403275715107]}